,품목명,품목코드,품종명,품종코드,"상태(상품, 중품)",상태코드,단위,일자(조회일자),조회일자 가격,1일전 일자(조회일자 기준),1일전 가격,1주일전 일자(조회일자 기준),1주일전 가격,2주일전 일자(조회일자 기준),2주일전 가격,1개월전 일자(조회일자 기준),1개월전 가격,1년전 일자(조회일자 기준),1년전 가격,평년일자,평년 가격
26,딸기,226,딸기(2kg),00,상품,04,2kg,당일 (03/15),17800.0,1일전 (03/14),17800.0,1주일전 (03/08),18260.0,2주일전 (03/01),,1개월전,22268.0,1년전,17560.0,일평년,16846.0
27,딸기,226,딸기(2kg),00,중품,05,2kg,당일 (03/15),13200.0,1일전 (03/14),13200.0,1주일전 (03/08),13720.0,2주일전 (03/01),,1개월전,17268.0,1년전,13840.0,일평년,12629.0
28,딸기,226,딸기(2kg),00,상품,04,2kg,당일 (03/16),17800.0,1일전 (03/15),17800.0,1주일전 (03/09),,2주일전 (03/02),18660.0,1개월전,21088.0,1년전,17308.0,일평년,16690.0
29,딸기,226,딸기(2kg),00,중품,05,2kg,당일 (03/16),13200.0,1일전 (03/15),13200.0,1주일전 (03/09),,2주일전 (03/02),13860.0,1개월전,16088.0,1년전,13628.0,일평년,12561.0
28,딸기,226,딸기(2kg),00,상품,04,2kg,당일 (03/17),17060.0,1일전 (03/16),17800.0,1주일전 (03/10),17720.0,2주일전 (03/03),18520.0,1개월전,19948.0,1년전,17304.0,일평년,16632.0
29,딸기,226,딸기(2kg),00,중품,05,2kg,당일 (03/17),12460.0,1일전 (03/16),13200.0,1주일전 (03/10),13120.0,2주일전 (03/03),13720.0,1개월전,14948.0,1년전,13664.0,일평년,12513.0
28,딸기,226,딸기(2kg),00,상품,04,2kg,당일 (03/18),17120.0,1일전 (03/17),17060.0,1주일전 (03/11),17240.0,2주일전 (03/04),18520.0,1개월전,19612.0,1년전,17088.0,일평년,16469.0
29,딸기,226,딸기(2kg),00,중품,05,2kg,당일 (03/18),12520.0,1일전 (03/17),12460.0,1주일전 (03/11),12640.0,2주일전 (03/04),14000.0,1개월전,14612.0,1년전,13448.0,일평년,12335.0
28,딸기,226,딸기(2kg),00,상품,04,2kg,당일 (03/19),,1일전 (03/18),17120.0,1주일전 (03/12),,2주일전 (03/05),,1개월전,19612.0,1년전,17088.0,일평년,16469.0
29,딸기,226,딸기(2kg),00,중품,05,2kg,당일 (03/19),,1일전 (03/18),12520.0,1주일전 (03/12),,2주일전 (03/05),,1개월전,14612.0,1년전,13448.0,일평년,12335.0
28,딸기,226,딸기(2kg),00,상품,04,2kg,당일 (03/21),17320.0,1일전 (03/20),,1주일전 (03/14),17800.0,2주일전 (03/07),18320.0,1개월전,19544.0,1년전,17310.0,일평년,16193.0
29,딸기,226,딸기(2kg),00,중품,05,2kg,당일 (03/21),12720.0,1일전 (03/20),,1주일전 (03/14),13200.0,2주일전 (03/07),13800.0,1개월전,14544.0,1년전,13670.0,일평년,12065.0
28,딸기,226,딸기(2kg),00,상품,04,2kg,당일 (03/22),17400.0,1일전 (03/21),17320.0,1주일전 (03/15),17800.0,2주일전 (03/08),18260.0,1개월전,19624.0,1년전,17264.0,일평년,16149.0
29,딸기,226,딸기(2kg),00,중품,05,2kg,당일 (03/22),12800.0,1일전 (03/21),12720.0,1주일전 (03/15),13200.0,2주일전 (03/08),13720.0,1개월전,14624.0,1년전,13624.0,일평년,12071.0
28,딸기,226,딸기(2kg),00,상품,04,2kg,당일 (03/23),18940.0,1일전 (03/22),17400.0,1주일전 (03/16),17800.0,2주일전 (03/09),,1개월전,19616.0,1년전,16924.0,일평년,16138.0
29,딸기,226,딸기(2kg),00,중품,05,2kg,당일 (03/23),14340.0,1일전 (03/22),12800.0,1주일전 (03/16),13200.0,2주일전 (03/09),,1개월전,14616.0,1년전,13284.0,일평년,12086.0
28,딸기,226,딸기(2kg),00,상품,04,2kg,당일 (03/24),18940.0,1일전 (03/23),18940.0,1주일전 (03/17),17060.0,2주일전 (03/10),17720.0,1개월전,19620.0,1년전,16560.0,일평년,16097.0
29,딸기,226,딸기(2kg),00,중품,05,2kg,당일 (03/24),14340.0,1일전 (03/23),14340.0,1주일전 (03/17),12460.0,2주일전 (03/10),13120.0,1개월전,14620.0,1년전,12920.0,일평년,12056.0
28,딸기,226,딸기(2kg),00,상품,04,2kg,당일 (03/25),18680.0,1일전 (03/24),18940.0,1주일전 (03/18),17120.0,2주일전 (03/11),17240.0,1개월전,19412.0,1년전,16272.0,일평년,15994.0
29,딸기,226,딸기(2kg),00,중품,05,2kg,당일 (03/25),14080.0,1일전 (03/24),14340.0,1주일전 (03/18),12520.0,2주일전 (03/11),12640.0,1개월전,14452.0,1년전,12632.0,일평년,11969.0
28,딸기,226,딸기(2kg),00,상품,04,2kg,당일 (03/26),,1일전 (03/25),18680.0,1주일전 (03/19),,2주일전 (03/12),,1개월전,19412.0,1년전,16272.0,일평년,15994.0
29,딸기,226,딸기(2kg),00,중품,05,2kg,당일 (03/26),,1일전 (03/25),14080.0,1주일전 (03/19),,2주일전 (03/12),,1개월전,14452.0,1년전,12632.0,일평년,11969.0
28,딸기,226,딸기(2kg),00,상품,04,2kg,당일 (03/28),20340.0,1일전 (03/27),,1주일전 (03/21),17320.0,2주일전 (03/14),17800.0,1개월전,19148.0,1년전,15400.0,일평년,15904.0
29,딸기,226,딸기(2kg),00,중품,05,2kg,당일 (03/28),15540.0,1일전 (03/27),,1주일전 (03/21),12720.0,2주일전 (03/14),13200.0,1개월전,14228.0,1년전,11820.0,일평년,11949.0
28,딸기,226,딸기(2kg),00,상품,04,2kg,당일 (03/29),19540.0,1일전 (03/28),20340.0,1주일전 (03/22),17400.0,2주일전 (03/15),17800.0,1개월전,19148.0,1년전,15120.0,일평년,15813.0
29,딸기,226,딸기(2kg),00,중품,05,2kg,당일 (03/29),14740.0,1일전 (03/28),15540.0,1주일전 (03/22),12800.0,2주일전 (03/15),13200.0,1개월전,14228.0,1년전,11576.0,일평년,11846.0
28,딸기,226,딸기(2kg),00,상품,04,2kg,당일 (03/30),17480.0,1일전 (03/29),19540.0,1주일전 (03/23),18940.0,2주일전 (03/16),17800.0,1개월전,19148.0,1년전,14752.0,일평년,15656.0
29,딸기,226,딸기(2kg),00,중품,05,2kg,당일 (03/30),12680.0,1일전 (03/29),14740.0,1주일전 (03/23),14340.0,2주일전 (03/16),13200.0,1개월전,14228.0,1년전,11256.0,일평년,11633.0
28,딸기,226,딸기(2kg),00,상품,04,2kg,당일 (03/31),17480.0,1일전 (03/30),17480.0,1주일전 (03/24),18940.0,2주일전 (03/17),17060.0,1개월전,19148.0,1년전,14248.0,일평년,15461.0
29,딸기,226,딸기(2kg),00,중품,05,2kg,당일 (03/31),12680.0,1일전 (03/30),12680.0,1주일전 (03/24),14340.0,2주일전 (03/17),12460.0,1개월전,14228.0,1년전,10800.0,일평년,11436.0
28,딸기,226,딸기(2kg),00,상품,04,2kg,당일 (04/01),18200.0,1일전 (03/31),17480.0,1주일전 (03/25),18680.0,2주일전 (03/18),17120.0,1개월전,18975.0,1년전,13720.0,일평년,15347.0
29,딸기,226,딸기(2kg),00,중품,05,2kg,당일 (04/01),13140.0,1일전 (03/31),12680.0,1주일전 (03/25),14080.0,2주일전 (03/18),12520.0,1개월전,14075.0,1년전,10322.0,일평년,11312.0
28,딸기,226,딸기(2kg),00,상품,04,2kg,당일 (04/02),,1일전 (04/01),18200.0,1주일전 (03/26),,2주일전 (03/19),,1개월전,18975.0,1년전,13720.0,일평년,15347.0
29,딸기,226,딸기(2kg),00,중품,05,2kg,당일 (04/02),,1일전 (04/01),13140.0,1주일전 (03/26),,2주일전 (03/19),,1개월전,14075.0,1년전,10322.0,일평년,11312.0
28,딸기,226,딸기(2kg),00,상품,04,2kg,당일 (04/04),18900.0,1일전 (04/03),,1주일전 (03/28),20340.0,2주일전 (03/21),17320.0,1개월전,18456.0,1년전,13450.0,일평년,14815.0
29,딸기,226,딸기(2kg),00,중품,05,2kg,당일 (04/04),13840.0,1일전 (04/03),,1주일전 (03/28),15540.0,2주일전 (03/21),12720.0,1개월전,13820.0,1년전,10053.0,일평년,10827.0
28,딸기,226,딸기(2kg),00,상품,04,2kg,당일 (04/05),18380.0,1일전 (04/04),18900.0,1주일전 (03/29),19540.0,2주일전 (03/22),17400.0,1개월전,18405.0,1년전,13480.0,일평년,14735.0
29,딸기,226,딸기(2kg),00,중품,05,2kg,당일 (04/05),13580.0,1일전 (04/04),13840.0,1주일전 (03/29),14740.0,2주일전 (03/22),12800.0,1개월전,13810.0,1년전,10082.0,일평년,10747.0
28,딸기,226,딸기(2kg),00,상품,04,2kg,당일 (04/06),18320.0,1일전 (04/05),18380.0,1주일전 (03/30),17480.0,2주일전 (03/23),18940.0,1개월전,18405.0,1년전,13400.0,일평년,14689.0
29,딸기,226,딸기(2kg),00,중품,05,2kg,당일 (04/06),13520.0,1일전 (04/05),13580.0,1주일전 (03/30),12680.0,2주일전 (03/23),14340.0,1개월전,13810.0,1년전,10002.0,일평년,10737.0
28,딸기,226,딸기(2kg),00,상품,04,2kg,당일 (04/07),17320.0,1일전 (04/06),18320.0,1주일전 (03/31),17480.0,2주일전 (03/24),18940.0,1개월전,18268.0,1년전,13560.0,일평년,14686.0
29,딸기,226,딸기(2kg),00,중품,05,2kg,당일 (04/07),12520.0,1일전 (04/06),13520.0,1주일전 (03/31),12680.0,2주일전 (03/24),14340.0,1개월전,13672.0,1년전,10162.0,일평년,10790.0
28,딸기,226,딸기(2kg),00,상품,04,2kg,당일 (04/08),17320.0,1일전 (04/07),17320.0,1주일전 (04/01),18200.0,2주일전 (03/25),18680.0,1개월전,18012.0,1년전,13760.0,일평년,14692.0
29,딸기,226,딸기(2kg),00,중품,05,2kg,당일 (04/08),12520.0,1일전 (04/07),12520.0,1주일전 (04/01),13140.0,2주일전 (03/25),14080.0,1개월전,13456.0,1년전,10360.0,일평년,10842.0
28,딸기,226,딸기(2kg),00,상품,04,2kg,당일 (04/09),,1일전 (04/08),17320.0,1주일전 (04/02),,2주일전 (03/26),,1개월전,18012.0,1년전,13760.0,일평년,14692.0
29,딸기,226,딸기(2kg),00,중품,05,2kg,당일 (04/09),,1일전 (04/08),12520.0,1주일전 (04/02),,2주일전 (03/26),,1개월전,13456.0,1년전,10360.0,일평년,10842.0
28,딸기,226,딸기(2kg),00,상품,04,2kg,당일 (04/11),17320.0,1일전 (04/10),,1주일전 (04/04),18900.0,2주일전 (03/28),20340.0,1개월전,17764.0,1년전,13850.0,일평년,15029.0
29,딸기,226,딸기(2kg),00,중품,05,2kg,당일 (04/11),12520.0,1일전 (04/10),,1주일전 (04/04),13840.0,2주일전 (03/28),15540.0,1개월전,13176.0,1년전,10450.0,일평년,11129.0
28,딸기,226,딸기(2kg),00,상품,04,2kg,당일 (04/12),16600.0,1일전 (04/11),17320.0,1주일전 (04/05),18380.0,2주일전 (03/29),19540.0,1개월전,17640.0,1년전,13840.0,일평년,15072.0
29,딸기,226,딸기(2kg),00,중품,05,2kg,당일 (04/12),11600.0,1일전 (04/11),12520.0,1주일전 (04/05),13580.0,2주일전 (03/29),14740.0,1개월전,13040.0,1년전,10440.0,일평년,11172.0
28,딸기,226,딸기(2kg),00,상품,04,2kg,당일 (04/13),15720.0,1일전 (04/12),16600.0,1주일전 (04/06),18320.0,2주일전 (03/30),17480.0,1개월전,17640.0,1년전,13840.0,일평년,15061.0
29,딸기,226,딸기(2kg),00,중품,05,2kg,당일 (04/13),10920.0,1일전 (04/12),11600.0,1주일전 (04/06),13520.0,2주일전 (03/30),12680.0,1개월전,13040.0,1년전,10440.0,일평년,11161.0
28,딸기,226,딸기(2kg),00,상품,04,2kg,당일 (04/14),15200.0,1일전 (04/13),15720.0,1주일전 (04/07),17320.0,2주일전 (03/31),17480.0,1개월전,17672.0,1년전,13680.0,일평년,15022.0
29,딸기,226,딸기(2kg),00,중품,05,2kg,당일 (04/14),10400.0,1일전 (04/13),10920.0,1주일전 (04/07),12520.0,2주일전 (03/31),12680.0,1개월전,13072.0,1년전,10280.0,일평년,11122.0
28,딸기,226,딸기(2kg),00,상품,04,2kg,당일 (04/15),14360.0,1일전 (04/14),15200.0,1주일전 (04/08),17320.0,2주일전 (04/01),18200.0,1개월전,17540.0,1년전,13640.0,일평년,15029.0
29,딸기,226,딸기(2kg),00,중품,05,2kg,당일 (04/15),9770.0,1일전 (04/14),10400.0,1주일전 (04/08),12520.0,2주일전 (04/01),13140.0,1개월전,12940.0,1년전,10240.0,일평년,11118.0
28,딸기,226,딸기(2kg),00,상품,04,2kg,당일 (04/16),,1일전 (04/15),14360.0,1주일전 (04/09),,2주일전 (04/02),,1개월전,17540.0,1년전,13640.0,일평년,15029.0
29,딸기,226,딸기(2kg),00,중품,05,2kg,당일 (04/16),,1일전 (04/15),9770.0,1주일전 (04/09),,2주일전 (04/02),,1개월전,12940.0,1년전,10240.0,일평년,11118.0
28,딸기,226,딸기(2kg),00,상품,04,2kg,당일 (04/18),15300.0,1일전 (04/17),,1주일전 (04/11),17320.0,2주일전 (04/04),18900.0,1개월전,17340.0,1년전,13600.0,일평년,14972.0
29,딸기,226,딸기(2kg),00,중품,05,2kg,당일 (04/18),10710.0,1일전 (04/17),,1주일전 (04/11),12520.0,2주일전 (04/04),13840.0,1개월전,12740.0,1년전,10200.0,일평년,11092.0
28,딸기,226,딸기(2kg),00,상품,04,2kg,당일 (04/19),14560.0,1일전 (04/18),15300.0,1주일전 (04/12),16600.0,2주일전 (04/05),18380.0,1개월전,17225.0,1년전,13640.0,일평년,14919.0
29,딸기,226,딸기(2kg),00,중품,05,2kg,당일 (04/19),10050.0,1일전 (04/18),10710.0,1주일전 (04/12),11600.0,2주일전 (04/05),13580.0,1개월전,12625.0,1년전,10240.0,일평년,11064.0
28,딸기,226,딸기(2kg),00,상품,04,2kg,당일 (04/20),14440.0,1일전 (04/19),14560.0,1주일전 (04/13),15720.0,2주일전 (04/06),18320.0,1개월전,17225.0,1년전,13660.0,일평년,14894.0
29,딸기,226,딸기(2kg),00,중품,05,2kg,당일 (04/20),9930.0,1일전 (04/19),10050.0,1주일전 (04/13),10920.0,2주일전 (04/06),13520.0,1개월전,12625.0,1년전,10260.0,일평년,11064.0
28,딸기,226,딸기(2kg),00,상품,04,2kg,당일 (04/21),14360.0,1일전 (04/20),14440.0,1주일전 (04/14),15200.0,2주일전 (04/07),17320.0,1개월전,17568.0,1년전,13792.0,일평년,14936.0
29,딸기,226,딸기(2kg),00,중품,05,2kg,당일 (04/21),9850.0,1일전 (04/20),9930.0,1주일전 (04/14),10400.0,2주일전 (04/07),12520.0,1개월전,12968.0,1년전,10384.0,일평년,11103.0
28,딸기,226,딸기(2kg),00,상품,04,2kg,당일 (04/22),14360.0,1일전 (04/21),14360.0,1주일전 (04/15),14360.0,2주일전 (04/08),17320.0,1개월전,17944.0,1년전,13824.0,일평년,14850.0
29,딸기,226,딸기(2kg),00,중품,05,2kg,당일 (04/22),9850.0,1일전 (04/21),9850.0,1주일전 (04/15),9770.0,2주일전 (04/08),12520.0,1개월전,13344.0,1년전,10408.0,일평년,11075.0
28,딸기,226,딸기(2kg),00,상품,04,2kg,당일 (04/23),,1일전 (04/22),14360.0,1주일전 (04/16),,2주일전 (04/09),,1개월전,17944.0,1년전,13824.0,일평년,14850.0
29,딸기,226,딸기(2kg),00,중품,05,2kg,당일 (04/23),,1일전 (04/22),9850.0,1주일전 (04/16),,2주일전 (04/09),,1개월전,13344.0,1년전,10408.0,일평년,11075.0
28,딸기,226,딸기(2kg),00,상품,04,2kg,당일 (04/25),13640.0,1일전 (04/24),,1주일전 (04/18),15300.0,2주일전 (04/11),17320.0,1개월전,19288.0,1년전,13770.0,일평년,14764.0
29,딸기,226,딸기(2kg),00,중품,05,2kg,당일 (04/25),9130.0,1일전 (04/24),,1주일전 (04/18),10710.0,2주일전 (04/11),12520.0,1개월전,14608.0,1년전,10340.0,일평년,11114.0
28,딸기,226,딸기(2kg),00,상품,04,2kg,당일 (04/26),13540.0,1일전 (04/25),13640.0,1주일전 (04/19),14560.0,2주일전 (04/12),16600.0,1개월전,19375.0,1년전,13528.0,일평년,14682.0
29,딸기,226,딸기(2kg),00,중품,05,2kg,당일 (04/26),8996.0,1일전 (04/25),9130.0,1주일전 (04/19),10050.0,2주일전 (04/12),11600.0,1개월전,14675.0,1년전,10018.0,일평년,11077.0
28,딸기,226,딸기(2kg),00,상품,04,2kg,당일 (04/27),13540.0,1일전 (04/26),13540.0,1주일전 (04/20),14440.0,2주일전 (04/13),15720.0,1개월전,19375.0,1년전,13380.0,일평년,14661.0
29,딸기,226,딸기(2kg),00,중품,05,2kg,당일 (04/27),8996.0,1일전 (04/26),8996.0,1주일전 (04/20),9930.0,2주일전 (04/13),10920.0,1개월전,14675.0,1년전,9782.0,일평년,11087.0
28,딸기,226,딸기(2kg),00,상품,04,2kg,당일 (04/28),13800.0,1일전 (04/27),13540.0,1주일전 (04/21),14360.0,2주일전 (04/14),15200.0,1개월전,18996.0,1년전,13344.0,일평년,14604.0
29,딸기,226,딸기(2kg),00,중품,05,2kg,당일 (04/28),9262.0,1일전 (04/27),8996.0,1주일전 (04/21),9850.0,2주일전 (04/14),10400.0,1개월전,14276.0,1년전,9586.0,일평년,11012.0
28,딸기,226,딸기(2kg),00,상품,04,2kg,당일 (04/29),14200.0,1일전 (04/28),13800.0,1주일전 (04/22),14360.0,2주일전 (04/15),14360.0,1개월전,18704.0,1년전,13288.0,일평년,14666.0
29,딸기,226,딸기(2kg),00,중품,05,2kg,당일 (04/29),9662.0,1일전 (04/28),9262.0,1주일전 (04/22),9850.0,2주일전 (04/15),9770.0,1개월전,13944.0,1년전,9370.0,일평년,11026.0
28,딸기,226,딸기(2kg),00,상품,04,2kg,당일 (04/30),,1일전 (04/29),14200.0,1주일전 (04/23),,2주일전 (04/16),,1개월전,18704.0,1년전,13288.0,일평년,14666.0
29,딸기,226,딸기(2kg),00,중품,05,2kg,당일 (04/30),,1일전 (04/29),9662.0,1주일전 (04/23),,2주일전 (04/16),,1개월전,13944.0,1년전,9370.0,일평년,11026.0
28,딸기,226,딸기(2kg),00,상품,04,2kg,당일 (05/02),13800.0,1일전 (05/01),,1주일전 (04/25),13640.0,2주일전 (04/18),15300.0,1개월전,18240.0,1년전,13500.0,일평년,14875.0
29,딸기,226,딸기(2kg),00,중품,05,2kg,당일 (05/02),9462.0,1일전 (05/01),,1주일전 (04/25),9130.0,2주일전 (04/18),10710.0,1개월전,13310.0,1년전,9360.0,일평년,11108.0
28,딸기,226,딸기(2kg),00,상품,04,2kg,당일 (05/03),13780.0,1일전 (05/02),13800.0,1주일전 (04/26),13540.0,2주일전 (04/19),14560.0,1개월전,18240.0,1년전,13696.0,일평년,14991.0
29,딸기,226,딸기(2kg),00,중품,05,2kg,당일 (05/03),9636.0,1일전 (05/02),9462.0,1주일전 (04/26),8996.0,2주일전 (04/19),10050.0,1개월전,13310.0,1년전,9536.0,일평년,11163.0
28,딸기,226,딸기(2kg),00,상품,04,2kg,당일 (05/04),13720.0,1일전 (05/03),13780.0,1주일전 (04/27),13540.0,2주일전 (04/20),14440.0,1개월전,18256.0,1년전,14000.0,일평년,15056.0
29,딸기,226,딸기(2kg),00,중품,05,2kg,당일 (05/04),9570.0,1일전 (05/03),9636.0,1주일전 (04/27),8996.0,2주일전 (04/20),9930.0,1개월전,13352.0,1년전,9760.0,일평년,11125.0
28,딸기,226,딸기(2kg),00,상품,04,2kg,당일 (05/05),,1일전 (05/04),13720.0,1주일전 (04/28),13800.0,2주일전 (04/21),14360.0,1개월전,18256.0,1년전,14000.0,일평년,15056.0
29,딸기,226,딸기(2kg),00,중품,05,2kg,당일 (05/05),,1일전 (05/04),9570.0,1주일전 (04/28),9262.0,2주일전 (04/21),9850.0,1개월전,13352.0,1년전,9760.0,일평년,11125.0
30,딸기,226,딸기(2kg),00,상품,04,2kg,당일 (05/06),13940.0,1일전 (05/05),,1주일전 (04/29),14200.0,2주일전 (04/22),14360.0,1개월전,18048.0,1년전,14160.0,일평년,15008.0
31,딸기,226,딸기(2kg),00,중품,05,2kg,당일 (05/06),9786.0,1일전 (05/05),,1주일전 (04/29),9662.0,2주일전 (04/22),9850.0,1개월전,13196.0,1년전,9920.0,일평년,11078.0
30,딸기,226,딸기(2kg),00,상품,04,2kg,당일 (05/07),,1일전 (05/06),13940.0,1주일전 (04/30),,2주일전 (04/23),,1개월전,18048.0,1년전,14160.0,일평년,15008.0
31,딸기,226,딸기(2kg),00,중품,05,2kg,당일 (05/07),,1일전 (05/06),9786.0,1주일전 (04/30),,2주일전 (04/23),,1개월전,13196.0,1년전,9920.0,일평년,11078.0
30,딸기,226,딸기(2kg),00,상품,04,2kg,당일 (05/09),13740.0,1일전 (05/08),,1주일전 (05/02),13800.0,2주일전 (04/25),13640.0,1개월전,17140.0,1년전,,일평년,14841.0
31,딸기,226,딸기(2kg),00,중품,05,2kg,당일 (05/09),9596.0,1일전 (05/08),,1주일전 (05/02),9462.0,2주일전 (04/25),9130.0,1개월전,12290.0,1년전,,일평년,10831.0
30,딸기,226,딸기(2kg),00,상품,04,2kg,당일 (05/10),12720.0,1일전 (05/09),13740.0,1주일전 (05/03),13780.0,2주일전 (04/26),13540.0,1개월전,17140.0,1년전,,일평년,13961.0
31,딸기,226,딸기(2kg),00,중품,05,2kg,당일 (05/10),9462.0,1일전 (05/09),9596.0,1주일전 (05/03),9636.0,2주일전 (04/26),8996.0,1개월전,12290.0,1년전,,일평년,10142.0
30,딸기,226,딸기(2kg),00,상품,04,2kg,당일 (05/11),12750.0,1일전 (05/10),12720.0,1주일전 (05/04),13720.0,2주일전 (04/27),13540.0,1개월전,16856.0,1년전,,일평년,13400.0
31,딸기,226,딸기(2kg),00,중품,05,2kg,당일 (05/11),9663.0,1일전 (05/10),9462.0,1주일전 (05/04),9570.0,2주일전 (04/27),8996.0,1개월전,12016.0,1년전,,일평년,9400.0
30,딸기,226,딸기(2kg),00,상품,04,2kg,당일 (05/12),,1일전 (05/11),12750.0,1주일전 (05/05),,2주일전 (04/28),13800.0,1개월전,16432.0,1년전,,일평년,13400.0
31,딸기,226,딸기(2kg),00,중품,05,2kg,당일 (05/12),,1일전 (05/11),9663.0,1주일전 (05/05),,2주일전 (04/28),9262.0,1개월전,11592.0,1년전,,일평년,9400.0
30,딸기,226,딸기(2kg),00,상품,04,2kg,당일 (05/13),,1일전 (05/12),,1주일전 (05/06),13940.0,2주일전 (04/29),14200.0,1개월전,15840.0,1년전,,일평년,13320.0
31,딸기,226,딸기(2kg),00,중품,05,2kg,당일 (05/13),,1일전 (05/12),,1주일전 (05/06),9786.0,2주일전 (04/29),9662.0,1개월전,11042.0,1년전,,일평년,9320.0
30,딸기,226,딸기(2kg),00,상품,04,2kg,당일 (05/16),,1일전 (05/15),,1주일전 (05/09),13740.0,2주일전 (05/02),13800.0,1개월전,14855.0,1년전,,일평년,13000.0
31,딸기,226,딸기(2kg),00,중품,05,2kg,당일 (05/16),,1일전 (05/15),,1주일전 (05/09),9596.0,2주일전 (05/02),9462.0,1개월전,10233.0,1년전,,일평년,8920.0
30,딸기,226,딸기(2kg),00,상품,04,2kg,당일 (05/17),,1일전 (05/16),,1주일전 (05/10),12720.0,2주일전 (05/03),13780.0,1개월전,14855.0,1년전,,일평년,
31,딸기,226,딸기(2kg),00,중품,05,2kg,당일 (05/17),,1일전 (05/16),,1주일전 (05/10),9462.0,2주일전 (05/03),9636.0,1개월전,10233.0,1년전,,일평년,
30,딸기,226,딸기(2kg),00,상품,04,2kg,당일 (05/18),,1일전 (05/17),,1주일전 (05/11),12750.0,2주일전 (05/04),13720.0,1개월전,14772.0,1년전,,일평년,
31,딸기,226,딸기(2kg),00,중품,05,2kg,당일 (05/18),,1일전 (05/17),,1주일전 (05/11),9663.0,2주일전 (05/04),9570.0,1개월전,10172.0,1년전,,일평년,
30,딸기,226,딸기(2kg),00,상품,04,2kg,당일 (05/20),,1일전 (05/19),,1주일전 (05/13),,2주일전 (05/06),13940.0,1개월전,14604.0,1년전,,일평년,
31,딸기,226,딸기(2kg),00,중품,05,2kg,당일 (05/20),,1일전 (05/19),,1주일전 (05/13),,2주일전 (05/06),9786.0,1개월전,10078.0,1년전,,일평년,
30,딸기,226,딸기(2kg),00,상품,04,2kg,당일 (05/23),,1일전 (05/22),,1주일전 (05/16),,2주일전 (05/09),13740.0,1개월전,13975.0,1년전,,일평년,
31,딸기,226,딸기(2kg),00,중품,05,2kg,당일 (05/23),,1일전 (05/22),,1주일전 (05/16),,2주일전 (05/09),9596.0,1개월전,9457.0,1년전,,일평년,
30,딸기,226,딸기(2kg),00,상품,04,2kg,당일 (05/24),,1일전 (05/23),,1주일전 (05/17),,2주일전 (05/10),12720.0,1개월전,13975.0,1년전,,일평년,
31,딸기,226,딸기(2kg),00,중품,05,2kg,당일 (05/24),,1일전 (05/23),,1주일전 (05/17),,2주일전 (05/10),9462.0,1개월전,9457.0,1년전,,일평년,
30,딸기,226,딸기(2kg),00,상품,04,2kg,당일 (05/25),,1일전 (05/24),,1주일전 (05/18),,2주일전 (05/11),12750.0,1개월전,13888.0,1년전,,일평년,
31,딸기,226,딸기(2kg),00,중품,05,2kg,당일 (05/25),,1일전 (05/24),,1주일전 (05/18),,2주일전 (05/11),9663.0,1개월전,9364.0,1년전,,일평년,
26,딸기,226,딸기(2kg),00,상품,04,2kg,당일 (11/29),27200.0,1일전 (11/28),,1주일전 (11/22),,2주일전 (11/15),,1개월전,,1년전,29228.0,일평년,28262.0
27,딸기,226,딸기(2kg),00,중품,05,2kg,당일 (11/29),22840.0,1일전 (11/28),,1주일전 (11/22),,2주일전 (11/15),,1개월전,,1년전,24628.0,일평년,23178.0
26,딸기,226,딸기(2kg),00,상품,04,2kg,당일 (11/30),27120.0,1일전 (11/29),27200.0,1주일전 (11/23),,2주일전 (11/16),,1개월전,,1년전,28724.0,일평년,27785.0
27,딸기,226,딸기(2kg),00,중품,05,2kg,당일 (11/30),22720.0,1일전 (11/29),22840.0,1주일전 (11/23),,2주일전 (11/16),,1개월전,,1년전,24124.0,일평년,22768.0
26,딸기,226,딸기(2kg),00,상품,04,2kg,당일 (12/01),28620.0,1일전 (11/30),27120.0,1주일전 (11/24),,2주일전 (11/17),,1개월전,,1년전,28392.0,일평년,27513.0
27,딸기,226,딸기(2kg),00,중품,05,2kg,당일 (12/01),24220.0,1일전 (11/30),22720.0,1주일전 (11/24),,2주일전 (11/17),,1개월전,,1년전,23792.0,일평년,22513.0
26,딸기,226,딸기(2kg),00,상품,04,2kg,당일 (12/02),,1일전 (12/01),28620.0,1주일전 (11/25),,2주일전 (11/18),,1개월전,,1년전,28392.0,일평년,27513.0
27,딸기,226,딸기(2kg),00,중품,05,2kg,당일 (12/02),,1일전 (12/01),24220.0,1주일전 (11/25),,2주일전 (11/18),,1개월전,,1년전,23792.0,일평년,22513.0
26,딸기,226,딸기(2kg),00,상품,04,2kg,당일 (12/05),29960.0,1일전 (12/04),,1주일전 (11/28),,2주일전 (11/21),,1개월전,,1년전,28570.0,일평년,29767.0
27,딸기,226,딸기(2kg),00,중품,05,2kg,당일 (12/05),25360.0,1일전 (12/04),,1주일전 (11/28),,2주일전 (11/21),,1개월전,,1년전,23970.0,일평년,24925.0
26,딸기,226,딸기(2kg),00,상품,04,2kg,당일 (12/06),29240.0,1일전 (12/05),29960.0,1주일전 (11/29),27200.0,2주일전 (11/22),,1개월전,,1년전,28696.0,일평년,29602.0
27,딸기,226,딸기(2kg),00,중품,05,2kg,당일 (12/06),24640.0,1일전 (12/05),25360.0,1주일전 (11/29),22840.0,2주일전 (11/22),,1개월전,,1년전,24096.0,일평년,24782.0
26,딸기,226,딸기(2kg),00,상품,04,2kg,당일 (12/07),29240.0,1일전 (12/06),29240.0,1주일전 (11/30),27120.0,2주일전 (11/23),,1개월전,,1년전,29788.0,일평년,29766.0
27,딸기,226,딸기(2kg),00,중품,05,2kg,당일 (12/07),24640.0,1일전 (12/06),24640.0,1주일전 (11/30),22720.0,2주일전 (11/23),,1개월전,,1년전,25188.0,일평년,24944.0
26,딸기,226,딸기(2kg),00,상품,04,2kg,당일 (12/08),30800.0,1일전 (12/07),29240.0,1주일전 (12/01),28620.0,2주일전 (11/24),,1개월전,,1년전,30960.0,일평년,29981.0
27,딸기,226,딸기(2kg),00,중품,05,2kg,당일 (12/08),26200.0,1일전 (12/07),24640.0,1주일전 (12/01),24220.0,2주일전 (11/24),,1개월전,,1년전,26360.0,일평년,25153.0
26,딸기,226,딸기(2kg),00,상품,04,2kg,당일 (12/09),33440.0,1일전 (12/08),30800.0,1주일전 (12/02),,2주일전 (11/25),,1개월전,,1년전,31808.0,일평년,30123.0
27,딸기,226,딸기(2kg),00,중품,05,2kg,당일 (12/09),28840.0,1일전 (12/08),26200.0,1주일전 (12/02),,2주일전 (11/25),,1개월전,,1년전,27208.0,일평년,25289.0
26,딸기,226,딸기(2kg),00,상품,04,2kg,당일 (12/10),,1일전 (12/09),33440.0,1주일전 (12/03),,2주일전 (11/26),,1개월전,,1년전,31808.0,일평년,30123.0
27,딸기,226,딸기(2kg),00,중품,05,2kg,당일 (12/10),,1일전 (12/09),28840.0,1주일전 (12/03),,2주일전 (11/26),,1개월전,,1년전,27208.0,일평년,25289.0
28,딸기,226,딸기(2kg),00,상품,04,2kg,당일 (12/12),34480.0,1일전 (12/11),,1주일전 (12/05),29960.0,2주일전 (11/28),,1개월전,,1년전,33620.0,일평년,30344.0
29,딸기,226,딸기(2kg),00,중품,05,2kg,당일 (12/12),29880.0,1일전 (12/11),,1주일전 (12/05),25360.0,2주일전 (11/28),,1개월전,,1년전,28970.0,일평년,25475.0
28,딸기,226,딸기(2kg),00,상품,04,2kg,당일 (12/13),33040.0,1일전 (12/12),34480.0,1주일전 (12/06),29240.0,2주일전 (11/29),27200.0,1개월전,,1년전,33532.0,일평년,29969.0
29,딸기,226,딸기(2kg),00,중품,05,2kg,당일 (12/13),28640.0,1일전 (12/12),29880.0,1주일전 (12/06),24640.0,2주일전 (11/29),22840.0,1개월전,,1년전,28852.0,일평년,25253.0
28,딸기,226,딸기(2kg),00,상품,04,2kg,당일 (12/14),32720.0,1일전 (12/13),33040.0,1주일전 (12/07),29240.0,2주일전 (11/30),27120.0,1개월전,,1년전,33460.0,일평년,29873.0
29,딸기,226,딸기(2kg),00,중품,05,2kg,당일 (12/14),28320.0,1일전 (12/13),28640.0,1주일전 (12/07),24640.0,2주일전 (11/30),22720.0,1개월전,,1년전,28740.0,일평년,25090.0
28,딸기,226,딸기(2kg),00,상품,04,2kg,당일 (12/15),32720.0,1일전 (12/14),32720.0,1주일전 (12/08),30800.0,2주일전 (12/01),28620.0,1개월전,,1년전,33308.0,일평년,29651.0
29,딸기,226,딸기(2kg),00,중품,05,2kg,당일 (12/15),28320.0,1일전 (12/14),28320.0,1주일전 (12/08),26200.0,2주일전 (12/01),24220.0,1개월전,,1년전,28548.0,일평년,24843.0
28,딸기,226,딸기(2kg),00,상품,04,2kg,당일 (12/16),32520.0,1일전 (12/15),32720.0,1주일전 (12/09),33440.0,2주일전 (12/02),,1개월전,,1년전,33396.0,일평년,29456.0
29,딸기,226,딸기(2kg),00,중품,05,2kg,당일 (12/16),28120.0,1일전 (12/15),28320.0,1주일전 (12/09),28840.0,2주일전 (12/02),,1개월전,,1년전,28596.0,일평년,24623.0
28,딸기,226,딸기(2kg),00,상품,04,2kg,당일 (12/17),,1일전 (12/16),32520.0,1주일전 (12/10),,2주일전 (12/03),,1개월전,,1년전,33396.0,일평년,29456.0
29,딸기,226,딸기(2kg),00,중품,05,2kg,당일 (12/17),,1일전 (12/16),28120.0,1주일전 (12/10),,2주일전 (12/03),,1개월전,,1년전,28596.0,일평년,24623.0
28,딸기,226,딸기(2kg),00,상품,04,2kg,당일 (12/19),31860.0,1일전 (12/18),,1주일전 (12/12),34480.0,2주일전 (12/05),29960.0,1개월전,,1년전,34160.0,일평년,28893.0
29,딸기,226,딸기(2kg),00,중품,05,2kg,당일 (12/19),27460.0,1일전 (12/18),,1주일전 (12/12),29880.0,2주일전 (12/05),25360.0,1개월전,,1년전,29360.0,일평년,24471.0
28,딸기,226,딸기(2kg),00,상품,04,2kg,당일 (12/20),31680.0,1일전 (12/19),31860.0,1주일전 (12/13),33040.0,2주일전 (12/06),29240.0,1개월전,,1년전,35248.0,일평년,29008.0
29,딸기,226,딸기(2kg),00,중품,05,2kg,당일 (12/20),27280.0,1일전 (12/19),27460.0,1주일전 (12/13),28640.0,2주일전 (12/06),24640.0,1개월전,,1년전,30448.0,일평년,24619.0
28,딸기,226,딸기(2kg),00,상품,04,2kg,당일 (12/21),32960.0,1일전 (12/20),31680.0,1주일전 (12/14),32720.0,2주일전 (12/07),29240.0,1개월전,,1년전,37160.0,일평년,28981.0
29,딸기,226,딸기(2kg),00,중품,05,2kg,당일 (12/21),28560.0,1일전 (12/20),27280.0,1주일전 (12/14),28320.0,2주일전 (12/07),24640.0,1개월전,,1년전,32360.0,일평년,24612.0
28,딸기,226,딸기(2kg),00,상품,04,2kg,당일 (12/22),35180.0,1일전 (12/21),32960.0,1주일전 (12/15),32720.0,2주일전 (12/08),30800.0,1개월전,,1년전,39200.0,일평년,29284.0
29,딸기,226,딸기(2kg),00,중품,05,2kg,당일 (12/22),30780.0,1일전 (12/21),28560.0,1주일전 (12/15),28320.0,2주일전 (12/08),26200.0,1개월전,,1년전,34400.0,일평년,24923.0
28,딸기,226,딸기(2kg),00,상품,04,2kg,당일 (12/23),36380.0,1일전 (12/22),35180.0,1주일전 (12/16),32520.0,2주일전 (12/09),33440.0,1개월전,,1년전,41812.0,일평년,29846.0
29,딸기,226,딸기(2kg),00,중품,05,2kg,당일 (12/23),31580.0,1일전 (12/22),30780.0,1주일전 (12/16),28120.0,2주일전 (12/09),28840.0,1개월전,,1년전,37012.0,일평년,25424.0
28,딸기,226,딸기(2kg),00,상품,04,2kg,당일 (12/24),,1일전 (12/23),36380.0,1주일전 (12/17),,2주일전 (12/10),,1개월전,,1년전,41812.0,일평년,29846.0
29,딸기,226,딸기(2kg),00,중품,05,2kg,당일 (12/24),,1일전 (12/23),31580.0,1주일전 (12/17),,2주일전 (12/10),,1개월전,,1년전,37012.0,일평년,25424.0
28,딸기,226,딸기(2kg),00,상품,04,2kg,당일 (12/26),34540.0,1일전 (12/25),,1주일전 (12/19),31860.0,2주일전 (12/12),34480.0,1개월전,,1년전,44095.0,일평년,30243.0
29,딸기,226,딸기(2kg),00,중품,05,2kg,당일 (12/26),29740.0,1일전 (12/25),,1주일전 (12/19),27460.0,2주일전 (12/12),29880.0,1개월전,,1년전,39295.0,일평년,25660.0
28,딸기,226,딸기(2kg),00,상품,04,2kg,당일 (12/27),33400.0,1일전 (12/26),34540.0,1주일전 (12/20),31680.0,2주일전 (12/13),33040.0,1개월전,,1년전,43676.0,일평년,30374.0
29,딸기,226,딸기(2kg),00,중품,05,2kg,당일 (12/27),28600.0,1일전 (12/26),29740.0,1주일전 (12/20),27280.0,2주일전 (12/13),28640.0,1개월전,,1년전,38876.0,일평년,25757.0
28,딸기,226,딸기(2kg),00,상품,04,2kg,당일 (12/28),34000.0,1일전 (12/27),33400.0,1주일전 (12/21),32960.0,2주일전 (12/14),32720.0,1개월전,,1년전,43416.0,일평년,30387.0
29,딸기,226,딸기(2kg),00,중품,05,2kg,당일 (12/28),29200.0,1일전 (12/27),28600.0,1주일전 (12/21),28560.0,2주일전 (12/14),28320.0,1개월전,,1년전,38616.0,일평년,25755.0
28,딸기,226,딸기(2kg),00,상품,04,2kg,당일 (12/29),34440.0,1일전 (12/28),34000.0,1주일전 (12/22),35180.0,2주일전 (12/15),32720.0,1개월전,,1년전,43108.0,일평년,30143.0
29,딸기,226,딸기(2kg),00,중품,05,2kg,당일 (12/29),29640.0,1일전 (12/28),29200.0,1주일전 (12/22),30780.0,2주일전 (12/15),28320.0,1개월전,,1년전,38308.0,일평년,25509.0
28,딸기,226,딸기(2kg),00,상품,04,2kg,당일 (12/30),34920.0,1일전 (12/29),34440.0,1주일전 (12/23),36380.0,2주일전 (12/16),32520.0,1개월전,,1년전,42820.0,일평년,29733.0
29,딸기,226,딸기(2kg),00,중품,05,2kg,당일 (12/30),30120.0,1일전 (12/29),29640.0,1주일전 (12/23),31580.0,2주일전 (12/16),28120.0,1개월전,,1년전,38020.0,일평년,25072.0
26,딸기,226,딸기(2kg),00,상품,04,2kg,당일 (12/31),,1일전 (12/30),34920.0,1주일전 (12/24),,2주일전 (12/17),,1개월전,,1년전,42820.0,일평년,29733.0
27,딸기,226,딸기(2kg),00,중품,05,2kg,당일 (12/31),,1일전 (12/30),30120.0,1주일전 (12/24),,2주일전 (12/17),,1개월전,,1년전,38020.0,일평년,25072.0
28,딸기,226,딸기(2kg),00,상품,04,2kg,당일 (01/02),34920.0,1일전 (01/01),,1주일전 (12/26),34540.0,2주일전 (12/19),31860.0,1개월전,28735.0,1년전,43650.0,일평년,29639.0
29,딸기,226,딸기(2kg),00,중품,05,2kg,당일 (01/02),30120.0,1일전 (01/01),,1주일전 (12/26),29740.0,2주일전 (12/19),27460.0,1개월전,24235.0,1년전,38850.0,일평년,25011.0
28,딸기,226,딸기(2kg),00,상품,04,2kg,당일 (01/03),34340.0,1일전 (01/02),34920.0,1주일전 (12/27),33400.0,2주일전 (12/20),31680.0,1개월전,28735.0,1년전,43320.0,일평년,29621.0
29,딸기,226,딸기(2kg),00,중품,05,2kg,당일 (01/03),29940.0,1일전 (01/02),30120.0,1주일전 (12/27),28600.0,2주일전 (12/20),27280.0,1개월전,24235.0,1년전,38520.0,일평년,24971.0
28,딸기,226,딸기(2kg),00,상품,04,2kg,당일 (01/04),33480.0,1일전 (01/03),34340.0,1주일전 (12/28),34000.0,2주일전 (12/21),32960.0,1개월전,28735.0,1년전,42720.0,일평년,29124.0
29,딸기,226,딸기(2kg),00,중품,05,2kg,당일 (01/04),29080.0,1일전 (01/03),29940.0,1주일전 (12/28),29200.0,2주일전 (12/21),28560.0,1개월전,24235.0,1년전,37920.0,일평년,24461.0
28,딸기,226,딸기(2kg),00,상품,04,2kg,당일 (01/05),30560.0,1일전 (01/04),33480.0,1주일전 (12/29),34440.0,2주일전 (12/22),35180.0,1개월전,28836.0,1년전,42100.0,일평년,28905.0
29,딸기,226,딸기(2kg),00,중품,05,2kg,당일 (01/05),26160.0,1일전 (01/04),29080.0,1주일전 (12/29),29640.0,2주일전 (12/22),30780.0,1개월전,24316.0,1년전,37300.0,일평년,24252.0
28,딸기,226,딸기(2kg),00,상품,04,2kg,당일 (01/06),29740.0,1일전 (01/05),30560.0,1주일전 (12/30),34920.0,2주일전 (12/23),36380.0,1개월전,29572.0,1년전,40552.0,일평년,28395.0
29,딸기,226,딸기(2kg),00,중품,05,2kg,당일 (01/06),25340.0,1일전 (01/05),26160.0,1주일전 (12/30),30120.0,2주일전 (12/23),31580.0,1개월전,25012.0,1년전,35752.0,일평년,23759.0
26,딸기,226,딸기(2kg),00,상품,04,2kg,당일 (01/07),,1일전 (01/06),29740.0,1주일전 (12/31),,2주일전 (12/24),,1개월전,29572.0,1년전,40552.0,일평년,28395.0
27,딸기,226,딸기(2kg),00,중품,05,2kg,당일 (01/07),,1일전 (01/06),25340.0,1주일전 (12/31),,2주일전 (12/24),,1개월전,25012.0,1년전,35752.0,일평년,23759.0
28,딸기,226,딸기(2kg),00,상품,04,2kg,당일 (01/09),29500.0,1일전 (01/08),,1주일전 (01/02),34920.0,2주일전 (12/26),34540.0,1개월전,32200.0,1년전,38190.0,일평년,27975.0
29,딸기,226,딸기(2kg),00,중품,05,2kg,당일 (01/09),25100.0,1일전 (01/08),,1주일전 (01/02),30120.0,2주일전 (12/26),29740.0,1개월전,27640.0,1년전,33390.0,일평년,23358.0
28,딸기,226,딸기(2kg),00,상품,04,2kg,당일 (01/10),28180.0,1일전 (01/09),29500.0,1주일전 (01/03),34340.0,2주일전 (12/27),33400.0,1개월전,32940.0,1년전,38372.0,일평년,27925.0
29,딸기,226,딸기(2kg),00,중품,05,2kg,당일 (01/10),23220.0,1일전 (01/09),25100.0,1주일전 (01/03),29940.0,2주일전 (12/27),28600.0,1개월전,28390.0,1년전,33572.0,일평년,23286.0
28,딸기,226,딸기(2kg),00,상품,04,2kg,당일 (01/11),27380.0,1일전 (01/10),28180.0,1주일전 (01/04),33480.0,2주일전 (12/28),34000.0,1개월전,32940.0,1년전,38492.0,일평년,28008.0
29,딸기,226,딸기(2kg),00,중품,05,2kg,당일 (01/11),22420.0,1일전 (01/10),23220.0,1주일전 (01/04),29080.0,2주일전 (12/28),29200.0,1개월전,28390.0,1년전,33692.0,일평년,23319.0
28,딸기,226,딸기(2kg),00,상품,04,2kg,당일 (01/12),28580.0,1일전 (01/11),27380.0,1주일전 (01/05),30560.0,2주일전 (12/29),34440.0,1개월전,32896.0,1년전,38592.0,일평년,28181.0
29,딸기,226,딸기(2kg),00,중품,05,2kg,당일 (01/12),23100.0,1일전 (01/11),22420.0,1주일전 (01/05),26160.0,2주일전 (12/29),29640.0,1개월전,28376.0,1년전,33792.0,일평년,23448.0
26,딸기,226,딸기(2kg),00,상품,04,2kg,당일 (01/13),29020.0,1일전 (01/12),28580.0,1주일전 (01/06),29740.0,2주일전 (12/30),34920.0,1개월전,33280.0,1년전,38532.0,일평년,28346.0
27,딸기,226,딸기(2kg),00,중품,05,2kg,당일 (01/13),24140.0,1일전 (01/12),23100.0,1주일전 (01/06),25340.0,2주일전 (12/30),30120.0,1개월전,28800.0,1년전,33732.0,일평년,23568.0
26,딸기,226,딸기(2kg),00,상품,04,2kg,당일 (01/14),,1일전 (01/13),29020.0,1주일전 (01/07),,2주일전 (12/31),,1개월전,33280.0,1년전,38532.0,일평년,28346.0
27,딸기,226,딸기(2kg),00,중품,05,2kg,당일 (01/14),,1일전 (01/13),24140.0,1주일전 (01/07),,2주일전 (12/31),,1개월전,28800.0,1년전,33732.0,일평년,23568.0
26,딸기,226,딸기(2kg),00,상품,04,2kg,당일 (01/16),28160.0,1일전 (01/15),,1주일전 (01/09),29500.0,2주일전 (01/02),34920.0,1개월전,32300.0,1년전,38230.0,일평년,28772.0
27,딸기,226,딸기(2kg),00,중품,05,2kg,당일 (01/16),23640.0,1일전 (01/15),,1주일전 (01/09),25100.0,2주일전 (01/02),30120.0,1개월전,27900.0,1년전,33430.0,일평년,23922.0
26,딸기,226,딸기(2kg),00,상품,04,2kg,당일 (01/17),28800.0,1일전 (01/16),28160.0,1주일전 (01/10),28180.0,2주일전 (01/03),34340.0,1개월전,32195.0,1년전,38076.0,일평년,28875.0
27,딸기,226,딸기(2kg),00,중품,05,2kg,당일 (01/17),24280.0,1일전 (01/16),23640.0,1주일전 (01/10),23220.0,2주일전 (01/03),29940.0,1개월전,27795.0,1년전,33276.0,일평년,24003.0
26,딸기,226,딸기(2kg),00,상품,04,2kg,당일 (01/18),30220.0,1일전 (01/17),28800.0,1주일전 (01/11),27380.0,2주일전 (01/04),33480.0,1개월전,32195.0,1년전,38324.0,일평년,28819.0
27,딸기,226,딸기(2kg),00,중품,05,2kg,당일 (01/18),25700.0,1일전 (01/17),24280.0,1주일전 (01/11),22420.0,2주일전 (01/04),29080.0,1개월전,27795.0,1년전,33484.0,일평년,24000.0
26,딸기,226,딸기(2kg),00,상품,04,2kg,당일 (01/19),32520.0,1일전 (01/18),30220.0,1주일전 (01/12),28580.0,2주일전 (01/05),30560.0,1개월전,32348.0,1년전,38952.0,일평년,28652.0
27,딸기,226,딸기(2kg),00,중품,05,2kg,당일 (01/19),28120.0,1일전 (01/18),25700.0,1주일전 (01/12),23100.0,2주일전 (01/05),26160.0,1개월전,27948.0,1년전,34072.0,일평년,23883.0
26,딸기,226,딸기(2kg),00,상품,04,2kg,당일 (01/20),33340.0,1일전 (01/19),32520.0,1주일전 (01/13),29020.0,2주일전 (01/06),29740.0,1개월전,32840.0,1년전,39408.0,일평년,28518.0
27,딸기,226,딸기(2kg),00,중품,05,2kg,당일 (01/20),28940.0,1일전 (01/19),28120.0,1주일전 (01/13),24140.0,2주일전 (01/06),25340.0,1개월전,28440.0,1년전,34488.0,일평년,23788.0
26,딸기,226,딸기(2kg),00,상품,04,2kg,당일 (01/21),,1일전 (01/20),33340.0,1주일전 (01/14),,2주일전 (01/07),,1개월전,32840.0,1년전,39408.0,일평년,28518.0
27,딸기,226,딸기(2kg),00,중품,05,2kg,당일 (01/21),,1일전 (01/20),28940.0,1주일전 (01/14),,2주일전 (01/07),,1개월전,28440.0,1년전,34488.0,일평년,23788.0
26,딸기,226,딸기(2kg),00,상품,04,2kg,당일 (01/23),,1일전 (01/22),,1주일전 (01/16),28160.0,2주일전 (01/09),29500.0,1개월전,32840.0,1년전,39408.0,일평년,28518.0
27,딸기,226,딸기(2kg),00,중품,05,2kg,당일 (01/23),,1일전 (01/22),,1주일전 (01/16),23640.0,2주일전 (01/09),25100.0,1개월전,28440.0,1년전,34488.0,일평년,23788.0
26,딸기,226,딸기(2kg),00,상품,04,2kg,당일 (01/24),,1일전 (01/23),,1주일전 (01/17),28800.0,2주일전 (01/10),28180.0,1개월전,32840.0,1년전,39408.0,일평년,28518.0
27,딸기,226,딸기(2kg),00,중품,05,2kg,당일 (01/24),,1일전 (01/23),,1주일전 (01/17),24280.0,2주일전 (01/10),23220.0,1개월전,28440.0,1년전,34488.0,일평년,23788.0
26,딸기,226,딸기(2kg),00,상품,04,2kg,당일 (01/25),29440.0,1일전 (01/24),,1주일전 (01/18),30220.0,2주일전 (01/11),27380.0,1개월전,34875.0,1년전,40200.0,일평년,27757.0
27,딸기,226,딸기(2kg),00,중품,05,2kg,당일 (01/25),25040.0,1일전 (01/24),,1주일전 (01/18),25700.0,2주일전 (01/11),22420.0,1개월전,30175.0,1년전,35200.0,일평년,23216.0
26,딸기,226,딸기(2kg),00,상품,04,2kg,당일 (01/26),27120.0,1일전 (01/25),29440.0,1주일전 (01/19),32520.0,2주일전 (01/12),28580.0,1개월전,34700.0,1년전,39920.0,일평년,27639.0
27,딸기,226,딸기(2kg),00,중품,05,2kg,당일 (01/26),22800.0,1일전 (01/25),25040.0,1주일전 (01/19),28120.0,2주일전 (01/12),23100.0,1개월전,29980.0,1년전,34920.0,일평년,23119.0
26,딸기,226,딸기(2kg),00,상품,04,2kg,당일 (01/27),26740.0,1일전 (01/26),27120.0,1주일전 (01/20),33340.0,2주일전 (01/13),29020.0,1개월전,34552.0,1년전,39940.0,일평년,27650.0
27,딸기,226,딸기(2kg),00,중품,05,2kg,당일 (01/27),22400.0,1일전 (01/26),22800.0,1주일전 (01/20),28940.0,2주일전 (01/13),24140.0,1개월전,29752.0,1년전,34940.0,일평년,23139.0
26,딸기,226,딸기(2kg),00,상품,04,2kg,당일 (01/28),,1일전 (01/27),26740.0,1주일전 (01/21),,2주일전 (01/14),,1개월전,34552.0,1년전,39940.0,일평년,27650.0
27,딸기,226,딸기(2kg),00,중품,05,2kg,당일 (01/28),,1일전 (01/27),22400.0,1주일전 (01/21),,2주일전 (01/14),,1개월전,29752.0,1년전,34940.0,일평년,23139.0
26,딸기,226,딸기(2kg),00,상품,04,2kg,당일 (01/30),29140.0,1일전 (01/29),,1주일전 (01/23),,2주일전 (01/16),28160.0,1개월전,34524.0,1년전,39290.0,일평년,25964.0
27,딸기,226,딸기(2kg),00,중품,05,2kg,당일 (01/30),24740.0,1일전 (01/29),,1주일전 (01/23),,2주일전 (01/16),23640.0,1개월전,29804.0,1년전,34290.0,일평년,21508.0
26,딸기,226,딸기(2kg),00,상품,04,2kg,당일 (01/31),28820.0,1일전 (01/30),29140.0,1주일전 (01/24),,2주일전 (01/17),28800.0,1개월전,34655.0,1년전,39290.0,일평년,25469.0
27,딸기,226,딸기(2kg),00,중품,05,2kg,당일 (01/31),24420.0,1일전 (01/30),24740.0,1주일전 (01/24),,2주일전 (01/17),24280.0,1개월전,29955.0,1년전,34290.0,일평년,21047.0
26,딸기,226,딸기(2kg),00,상품,04,2kg,당일 (02/01),29220.0,1일전 (01/31),28820.0,1주일전 (01/25),29440.0,2주일전 (01/18),30220.0,1개월전,34655.0,1년전,39290.0,일평년,25197.0
27,딸기,226,딸기(2kg),00,중품,05,2kg,당일 (02/01),24820.0,1일전 (01/31),24420.0,1주일전 (01/25),25040.0,2주일전 (01/18),25700.0,1개월전,29955.0,1년전,34290.0,일평년,20797.0
26,딸기,226,딸기(2kg),00,상품,04,2kg,당일 (02/02),28480.0,1일전 (02/01),29220.0,1주일전 (01/26),27120.0,2주일전 (01/19),32520.0,1개월전,34420.0,1년전,39290.0,일평년,25191.0
27,딸기,226,딸기(2kg),00,중품,05,2kg,당일 (02/02),24080.0,1일전 (02/01),24820.0,1주일전 (01/26),22800.0,2주일전 (01/19),28120.0,1개월전,29780.0,1년전,34290.0,일평년,20802.0
26,딸기,226,딸기(2kg),00,상품,04,2kg,당일 (02/03),27960.0,1일전 (02/02),28480.0,1주일전 (01/27),26740.0,2주일전 (01/20),33340.0,1개월전,33644.0,1년전,37448.0,일평년,24959.0
27,딸기,226,딸기(2kg),00,중품,05,2kg,당일 (02/03),23560.0,1일전 (02/02),24080.0,1주일전 (01/27),22400.0,2주일전 (01/20),28940.0,1개월전,29084.0,1년전,32448.0,일평년,20595.0
26,딸기,226,딸기(2kg),00,상품,04,2kg,당일 (02/04),,1일전 (02/03),27960.0,1주일전 (01/28),,2주일전 (01/21),,1개월전,33644.0,1년전,37448.0,일평년,24959.0
27,딸기,226,딸기(2kg),00,중품,05,2kg,당일 (02/04),,1일전 (02/03),23560.0,1주일전 (01/28),,2주일전 (01/21),,1개월전,29084.0,1년전,32448.0,일평년,20595.0
26,딸기,226,딸기(2kg),00,상품,04,2kg,당일 (02/06),27040.0,1일전 (02/05),,1주일전 (01/30),29140.0,2주일전 (01/23),,1개월전,30292.0,1년전,33785.0,일평년,24399.0
27,딸기,226,딸기(2kg),00,중품,05,2kg,당일 (02/06),22640.0,1일전 (02/05),,1주일전 (01/30),24740.0,2주일전 (01/23),,1개월전,25780.0,1년전,28785.0,일평년,20035.0
26,딸기,226,딸기(2kg),00,상품,04,2kg,당일 (02/07),25700.0,1일전 (02/06),27040.0,1주일전 (01/31),28820.0,2주일전 (01/24),,1개월전,29495.0,1년전,32372.0,일평년,24150.0
27,딸기,226,딸기(2kg),00,중품,05,2kg,당일 (02/07),21300.0,1일전 (02/06),22640.0,1주일전 (01/31),24420.0,2주일전 (01/24),,1개월전,24955.0,1년전,27372.0,일평년,19839.0
26,딸기,226,딸기(2kg),00,상품,04,2kg,당일 (02/08),25700.0,1일전 (02/07),25700.0,1주일전 (02/01),29220.0,2주일전 (01/25),29440.0,1개월전,29495.0,1년전,29600.0,일평년,23882.0
27,딸기,226,딸기(2kg),00,중품,05,2kg,당일 (02/08),21300.0,1일전 (02/07),21300.0,1주일전 (02/01),24820.0,2주일전 (01/25),25040.0,1개월전,24955.0,1년전,24600.0,일평년,19621.0
26,딸기,226,딸기(2kg),00,상품,04,2kg,당일 (02/09),24000.0,1일전 (02/08),25700.0,1주일전 (02/02),28480.0,2주일전 (01/26),27120.0,1개월전,29072.0,1년전,27280.0,일평년,23614.0
27,딸기,226,딸기(2kg),00,중품,05,2kg,당일 (02/09),19200.0,1일전 (02/08),21300.0,1주일전 (02/02),24080.0,2주일전 (01/26),22800.0,1개월전,24448.0,1년전,22280.0,일평년,19339.0
26,딸기,226,딸기(2kg),00,상품,04,2kg,당일 (02/10),24000.0,1일전 (02/09),24000.0,1주일전 (02/03),27960.0,2주일전 (01/27),26740.0,1개월전,28676.0,1년전,26264.0,일평년,23368.0
27,딸기,226,딸기(2kg),00,중품,05,2kg,당일 (02/10),19200.0,1일전 (02/09),19200.0,1주일전 (02/03),23560.0,2주일전 (01/27),22400.0,1개월전,23836.0,1년전,21264.0,일평년,19072.0
26,딸기,226,딸기(2kg),00,상품,04,2kg,당일 (02/11),,1일전 (02/10),24000.0,1주일전 (02/04),,2주일전 (01/28),,1개월전,28676.0,1년전,26264.0,일평년,23368.0
27,딸기,226,딸기(2kg),00,중품,05,2kg,당일 (02/11),,1일전 (02/10),19200.0,1주일전 (02/04),,2주일전 (01/28),,1개월전,23836.0,1년전,21264.0,일평년,19072.0
26,딸기,226,딸기(2kg),00,상품,04,2kg,당일 (02/13),23760.0,1일전 (02/12),,1주일전 (02/06),27040.0,2주일전 (01/30),29140.0,1개월전,28388.0,1년전,24425.0,일평년,22439.0
27,딸기,226,딸기(2kg),00,중품,05,2kg,당일 (02/13),18960.0,1일전 (02/12),,1주일전 (02/06),22640.0,2주일전 (01/30),24740.0,1개월전,23516.0,1년전,19425.0,일평년,18057.0
26,딸기,226,딸기(2kg),00,상품,04,2kg,당일 (02/14),23580.0,1일전 (02/13),23760.0,1주일전 (02/07),25700.0,2주일전 (01/31),28820.0,1개월전,28640.0,1년전,23576.0,일평년,21805.0
27,딸기,226,딸기(2kg),00,중품,05,2kg,당일 (02/14),18780.0,1일전 (02/13),18960.0,1주일전 (02/07),21300.0,2주일전 (01/31),24420.0,1개월전,23790.0,1년전,18576.0,일평년,17346.0
26,딸기,226,딸기(2kg),00,상품,04,2kg,당일 (02/15),24100.0,1일전 (02/14),23580.0,1주일전 (02/08),25700.0,2주일전 (02/01),29220.0,1개월전,28640.0,1년전,22268.0,일평년,21245.0
27,딸기,226,딸기(2kg),00,중품,05,2kg,당일 (02/15),19300.0,1일전 (02/14),18780.0,1주일전 (02/08),21300.0,2주일전 (02/01),24820.0,1개월전,23790.0,1년전,17268.0,일평년,16777.0
26,딸기,226,딸기(2kg),00,상품,04,2kg,당일 (02/16),25600.0,1일전 (02/15),24100.0,1주일전 (02/09),24000.0,2주일전 (02/02),28480.0,1개월전,28956.0,1년전,21088.0,일평년,20858.0
27,딸기,226,딸기(2kg),00,중품,05,2kg,당일 (02/16),20800.0,1일전 (02/15),19300.0,1주일전 (02/09),19200.0,2주일전 (02/02),24080.0,1개월전,24172.0,1년전,16088.0,일평년,16430.0
26,딸기,226,딸기(2kg),00,상품,04,2kg,당일 (02/17),25760.0,1일전 (02/16),25600.0,1주일전 (02/10),24000.0,2주일전 (02/03),27960.0,1개월전,29744.0,1년전,19948.0,일평년,20271.0
27,딸기,226,딸기(2kg),00,중품,05,2kg,당일 (02/17),20960.0,1일전 (02/16),20800.0,1주일전 (02/10),19200.0,2주일전 (02/03),23560.0,1개월전,25176.0,1년전,14948.0,일평년,15992.0
26,딸기,226,딸기(2kg),00,상품,04,2kg,당일 (02/18),,1일전 (02/17),25760.0,1주일전 (02/11),,2주일전 (02/04),,1개월전,29744.0,1년전,19948.0,일평년,20271.0
27,딸기,226,딸기(2kg),00,중품,05,2kg,당일 (02/18),,1일전 (02/17),20960.0,1주일전 (02/11),,2주일전 (02/04),,1개월전,25176.0,1년전,14948.0,일평년,15992.0
26,딸기,226,딸기(2kg),00,상품,04,2kg,당일 (02/20),26280.0,1일전 (02/19),,1주일전 (02/13),23760.0,2주일전 (02/06),27040.0,1개월전,30528.0,1년전,19470.0,일평년,19099.0
27,딸기,226,딸기(2kg),00,중품,05,2kg,당일 (02/20),21480.0,1일전 (02/19),,1주일전 (02/13),18960.0,2주일전 (02/06),22640.0,1개월전,26120.0,1년전,14470.0,일평년,14849.0
26,딸기,226,딸기(2kg),00,상품,04,2kg,당일 (02/21),26280.0,1일전 (02/20),26280.0,1주일전 (02/14),23580.0,2주일전 (02/07),25700.0,1개월전,30605.0,1년전,19544.0,일평년,18782.0
27,딸기,226,딸기(2kg),00,중품,05,2kg,당일 (02/21),21680.0,1일전 (02/20),21480.0,1주일전 (02/14),18780.0,2주일전 (02/07),21300.0,1개월전,26225.0,1년전,14544.0,일평년,14451.0
26,딸기,226,딸기(2kg),00,상품,04,2kg,당일 (02/22),25740.0,1일전 (02/21),26280.0,1주일전 (02/15),24100.0,2주일전 (02/08),25700.0,1개월전,30605.0,1년전,19624.0,일평년,18542.0
27,딸기,226,딸기(2kg),00,중품,05,2kg,당일 (02/22),21380.0,1일전 (02/21),21680.0,1주일전 (02/15),19300.0,2주일전 (02/08),21300.0,1개월전,26225.0,1년전,14624.0,일평년,14225.0
26,딸기,226,딸기(2kg),00,상품,04,2kg,당일 (02/23),25480.0,1일전 (02/22),25740.0,1주일전 (02/16),25600.0,2주일전 (02/09),24000.0,1개월전,30605.0,1년전,19616.0,일평년,18314.0
27,딸기,226,딸기(2kg),00,중품,05,2kg,당일 (02/23),21120.0,1일전 (02/22),21380.0,1주일전 (02/16),20800.0,2주일전 (02/09),19200.0,1개월전,26225.0,1년전,14616.0,일평년,14086.0
26,딸기,226,딸기(2kg),00,상품,04,2kg,당일 (02/24),25540.0,1일전 (02/23),25480.0,1주일전 (02/17),25760.0,2주일전 (02/10),24000.0,1개월전,30605.0,1년전,19620.0,일평년,18186.0
27,딸기,226,딸기(2kg),00,중품,05,2kg,당일 (02/24),21180.0,1일전 (02/23),21120.0,1주일전 (02/17),20960.0,2주일전 (02/10),19200.0,1개월전,26225.0,1년전,14620.0,일평년,13940.0
26,딸기,226,딸기(2kg),00,상품,04,2kg,당일 (02/25),,1일전 (02/24),25540.0,1주일전 (02/18),,2주일전 (02/11),,1개월전,30605.0,1년전,19620.0,일평년,18186.0
27,딸기,226,딸기(2kg),00,중품,05,2kg,당일 (02/25),,1일전 (02/24),21180.0,1주일전 (02/18),,2주일전 (02/11),,1개월전,26225.0,1년전,14620.0,일평년,13940.0
26,딸기,226,딸기(2kg),00,상품,04,2kg,당일 (02/27),22820.0,1일전 (02/26),,1주일전 (02/20),26280.0,2주일전 (02/13),23760.0,1개월전,28252.0,1년전,19305.0,일평년,17978.0
27,딸기,226,딸기(2kg),00,중품,05,2kg,당일 (02/27),18520.0,1일전 (02/26),,1주일전 (02/20),21480.0,2주일전 (02/13),18960.0,1개월전,23880.0,1년전,14355.0,일평년,13642.0
26,딸기,226,딸기(2kg),00,상품,04,2kg,당일 (02/28),22340.0,1일전 (02/27),22820.0,1주일전 (02/21),26280.0,2주일전 (02/14),23580.0,1개월전,28480.0,1년전,19148.0,일평년,17944.0
27,딸기,226,딸기(2kg),00,중품,05,2kg,당일 (02/28),18040.0,1일전 (02/27),18520.0,1주일전 (02/21),21680.0,2주일전 (02/14),18780.0,1개월전,24092.0,1년전,14228.0,일평년,13532.0
26,딸기,226,딸기(2kg),00,상품,04,2kg,당일 (03/01),,1일전 (02/28),22340.0,1주일전 (02/22),25740.0,2주일전 (02/15),24100.0,1개월전,28480.0,1년전,19148.0,일평년,17944.0
27,딸기,226,딸기(2kg),00,중품,05,2kg,당일 (03/01),,1일전 (02/28),18040.0,1주일전 (02/22),21380.0,2주일전 (02/15),19300.0,1개월전,24092.0,1년전,14228.0,일평년,13532.0
26,딸기,226,딸기(2kg),00,상품,04,2kg,당일 (03/02),22840.0,1일전 (03/01),,1주일전 (02/23),25480.0,2주일전 (02/16),25600.0,1개월전,28304.0,1년전,18884.0,일평년,17827.0
27,딸기,226,딸기(2kg),00,중품,05,2kg,당일 (03/02),18540.0,1일전 (03/01),,1주일전 (02/23),21120.0,2주일전 (02/16),20800.0,1개월전,23904.0,1년전,14060.0,일평년,13514.0
26,딸기,226,딸기(2kg),00,상품,04,2kg,당일 (03/03),23200.0,1일전 (03/02),22840.0,1주일전 (02/24),25540.0,2주일전 (02/17),25760.0,1개월전,27680.0,1년전,18668.0,일평년,17769.0
27,딸기,226,딸기(2kg),00,중품,05,2kg,당일 (03/03),18940.0,1일전 (03/02),18540.0,1주일전 (02/24),21180.0,2주일전 (02/17),20960.0,1개월전,23280.0,1년전,13940.0,일평년,13446.0
26,딸기,226,딸기(2kg),00,상품,04,2kg,당일 (03/04),,1일전 (03/03),23200.0,1주일전 (02/25),,2주일전 (02/18),,1개월전,27680.0,1년전,18668.0,일평년,17769.0
27,딸기,226,딸기(2kg),00,중품,05,2kg,당일 (03/04),,1일전 (03/03),18940.0,1주일전 (02/25),,2주일전 (02/18),,1개월전,23280.0,1년전,13940.0,일평년,13446.0
28,딸기,226,딸기(2kg),00,상품,04,2kg,당일 (03/06),23120.0,1일전 (03/05),,1주일전 (02/27),22820.0,2주일전 (02/20),26280.0,1개월전,26976.0,1년전,18405.0,일평년,17586.0
29,딸기,226,딸기(2kg),00,중품,05,2kg,당일 (03/06),18860.0,1일전 (03/05),,1주일전 (02/27),18520.0,2주일전 (02/20),21480.0,1개월전,22576.0,1년전,13810.0,일평년,13292.0
28,딸기,226,딸기(2kg),00,상품,04,2kg,당일 (03/07),22800.0,1일전 (03/06),23120.0,1주일전 (02/28),22340.0,2주일전 (02/21),26280.0,1개월전,26080.0,1년전,18268.0,일평년,17526.0
29,딸기,226,딸기(2kg),00,중품,05,2kg,당일 (03/07),18540.0,1일전 (03/06),18860.0,1주일전 (02/28),18040.0,2주일전 (02/21),21680.0,1개월전,21600.0,1년전,13672.0,일평년,13243.0
28,딸기,226,딸기(2kg),00,상품,04,2kg,당일 (03/08),21460.0,1일전 (03/07),22800.0,1주일전 (03/01),,2주일전 (02/22),25740.0,1개월전,25288.0,1년전,18012.0,일평년,17452.0
29,딸기,226,딸기(2kg),00,중품,05,2kg,당일 (03/08),17360.0,1일전 (03/07),18540.0,1주일전 (03/01),,2주일전 (02/22),21380.0,1개월전,20728.0,1년전,13456.0,일평년,13169.0
28,딸기,226,딸기(2kg),00,상품,04,2kg,당일 (03/09),20920.0,1일전 (03/08),21460.0,1주일전 (03/02),22840.0,2주일전 (02/23),25480.0,1개월전,24632.0,1년전,17885.0,일평년,17356.0
29,딸기,226,딸기(2kg),00,중품,05,2kg,당일 (03/09),16760.0,1일전 (03/08),17360.0,1주일전 (03/02),18540.0,2주일전 (02/23),21120.0,1개월전,19992.0,1년전,13320.0,일평년,13071.0
28,딸기,226,딸기(2kg),00,상품,04,2kg,당일 (03/10),20720.0,1일전 (03/09),20920.0,1주일전 (03/03),23200.0,2주일전 (02/24),25540.0,1개월전,24208.0,1년전,17868.0,일평년,17306.0
29,딸기,226,딸기(2kg),00,중품,05,2kg,당일 (03/10),16560.0,1일전 (03/09),16760.0,1주일전 (03/03),18940.0,2주일전 (02/24),21180.0,1개월전,19488.0,1년전,13296.0,일평년,13020.0
28,딸기,226,딸기(2kg),00,상품,04,2kg,당일 (03/11),,1일전 (03/10),20720.0,1주일전 (03/04),,2주일전 (02/25),,1개월전,24208.0,1년전,17868.0,일평년,17306.0
29,딸기,226,딸기(2kg),00,중품,05,2kg,당일 (03/11),,1일전 (03/10),16560.0,1주일전 (03/04),,2주일전 (02/25),,1개월전,19488.0,1년전,13296.0,일평년,13020.0
28,딸기,226,딸기(2kg),00,상품,04,2kg,당일 (03/13),19340.0,1일전 (03/12),,1주일전 (03/06),23120.0,2주일전 (02/27),22820.0,1개월전,23888.0,1년전,17640.0,일평년,17281.0
29,딸기,226,딸기(2kg),00,중품,05,2kg,당일 (03/13),15180.0,1일전 (03/12),,1주일전 (03/06),18860.0,2주일전 (02/27),18520.0,1개월전,19088.0,1년전,13040.0,일평년,12936.0
28,딸기,226,딸기(2kg),00,상품,04,2kg,당일 (03/14),18700.0,1일전 (03/13),19340.0,1주일전 (03/07),22800.0,2주일전 (02/28),22340.0,1개월전,24208.0,1년전,17672.0,일평년,17351.0
29,딸기,226,딸기(2kg),00,중품,05,2kg,당일 (03/14),14500.0,1일전 (03/13),15180.0,1주일전 (03/07),18540.0,2주일전 (02/28),18040.0,1개월전,19408.0,1년전,13072.0,일평년,12998.0
